partner,total_balance_2015_2023,pct_years_deficit,pct_years_surplus,classification,total_bilateral_trade
China,-5096822304.755,100.0,0.0,persistent_deficit,15504136223.612999
France,-2615965764.3809996,100.0,0.0,persistent_deficit,7678009140.9609995
Thailand,-1955610824.664,100.0,0.0,persistent_deficit,1999320047.9039998
Nigeria,-1830133376.482,88.88888888888889,11.11111111111111,persistent_deficit,2587692037.048
Togo,-1414913508.359,100.0,0.0,persistent_deficit,1624817394.915
Germany,-1332116386.424,100.0,0.0,persistent_deficit,2352725220.802
Russian Federation,-1327542908.915,100.0,0.0,persistent_deficit,1588562541.717
Japan,-1227174340.889,100.0,0.0,persistent_deficit,1307162528.805
United States,-1102872368.9889998,88.88888888888889,11.11111111111111,persistent_deficit,3070567104.6330004
Türkiye,-1025122738.524,100.0,0.0,persistent_deficit,1876256542.894
United Arab Emirates,-876643220.852,100.0,0.0,persistent_deficit,1014203889.2520001
Rep. of Korea,-792823523.118,88.88888888888889,11.11111111111111,persistent_deficit,1097354386.948
Brazil,-768858143.783,100.0,0.0,persistent_deficit,865006998.7969999
Morocco,-707733863.599,100.0,0.0,persistent_deficit,746399533.881
Mauritania,-653531532.451,100.0,0.0,persistent_deficit,656562336.8610001
Ukraine,-598897889.884,66.66666666666666,0.0,persistent_deficit,599360005.382
Côte d'Ivoire,-577366816.366,100.0,0.0,persistent_deficit,707787573.828
Argentina,-577322187.749,100.0,0.0,persistent_deficit,615293812.349
Belgium,-569093202.0620002,55.55555555555556,44.44444444444444,persistent_deficit,3474599389.37
Egypt,-504738302.9969999,100.0,0.0,persistent_deficit,532233620.663
South Africa,-444630998.2390001,77.77777777777779,22.22222222222222,persistent_deficit,945141866.091
Poland,-411023579.893,100.0,0.0,persistent_deficit,447752059.38699996
Switzerland,-356255376.382,100.0,0.0,persistent_deficit,362124839.75
United Kingdom,-350326444.248,77.77777777777779,22.22222222222222,persistent_deficit,1288571354.424
Singapore,-343240055.391,88.88888888888889,11.11111111111111,persistent_deficit,533486986.34099996
Norway,-332035335.26100004,77.77777777777779,22.22222222222222,persistent_deficit,554218769.707
Canada,-324921040.331,77.77777777777779,22.22222222222222,persistent_deficit,702970759.2770001
Saudi Arabia,-284395276.374,100.0,0.0,persistent_deficit,331231288.404
Ireland,-250885318.46099997,100.0,0.0,persistent_deficit,358552622.041
Equatorial Guinea,-235198590.66599998,77.77777777777779,22.22222222222222,persistent_deficit,555958839.244
Tunisia,-233397964.20299998,100.0,0.0,persistent_deficit,265598247.457
India,-228124888.76200002,55.55555555555556,44.44444444444444,persistent_deficit,6939375863.2
Greece,-219365072.20100003,100.0,0.0,persistent_deficit,266764866.57900003
Sweden,-181343401.246,100.0,0.0,persistent_deficit,187722648.516
Guinea,-177442584.343,55.55555555555556,22.22222222222222,persistent_deficit,185650059.065
Finland,-168908181.85900003,100.0,0.0,persistent_deficit,191552041.16099998
New Zealand,-162394003.229,88.88888888888889,11.11111111111111,persistent_deficit,236374049.85300002
Oman,-158739166.63099998,88.88888888888889,11.11111111111111,persistent_deficit,163352071.095
Liberia,-152301012.079,88.88888888888889,11.11111111111111,persistent_deficit,165349695.153
Algeria,-143894148.47599998,66.66666666666666,33.33333333333333,persistent_deficit,246652915.852
Angola,-138369721.264,100.0,0.0,persistent_deficit,166416214.338
"Other Asia, nes",-132566979.167,77.77777777777779,22.22222222222222,persistent_deficit,361290948.493
Myanmar,-126364243.235,100.0,0.0,persistent_deficit,126626307.401
Saint Barthélemy,-117758616.71699998,88.88888888888889,0.0,persistent_deficit,117759052.39700001
Estonia,-99099485.05299999,100.0,0.0,persistent_deficit,106528350.397
Antigua and Barbuda,-97096748.887,88.88888888888889,0.0,persistent_deficit,98267694.781
"China, Hong Kong SAR",-91516202.63000001,100.0,0.0,persistent_deficit,93533854.35799998
Czechia,-90979254.50800002,100.0,0.0,persistent_deficit,93781636.438
Mexico,-89431334.43599999,100.0,0.0,persistent_deficit,120486007.11400001
Austria,-83053089.17199999,100.0,0.0,persistent_deficit,88142558.696
Hungary,-81133178.78,88.88888888888889,11.11111111111111,persistent_deficit,198411826.062
Uruguay,-77470482.638,100.0,0.0,persistent_deficit,106932820.43
Denmark,-77437278.12,100.0,0.0,persistent_deficit,100605018.682
Peru,-66280833.326,100.0,0.0,persistent_deficit,67157387.632
Jamaica,-66145952.02199999,88.88888888888889,0.0,persistent_deficit,66184708.022
Namibia,-66009190.499,77.77777777777779,0.0,persistent_deficit,73412072.477
Chile,-65383879.897,100.0,0.0,persistent_deficit,65615249.075
Lithuania,-65240994.357,100.0,0.0,persistent_deficit,77308814.08899999
Latvia,-59775354.519,100.0,0.0,persistent_deficit,60380343.791
Qatar,-55929564.661,100.0,0.0,persistent_deficit,61085305.499
Pakistan,-55296328.772999994,66.66666666666666,33.33333333333333,persistent_deficit,174210096.773
Romania,-50670329.018,100.0,0.0,persistent_deficit,70492391.898
Lebanon,-49408240.883999996,100.0,0.0,persistent_deficit,79041658.444
Senegal,-44752517.21300001,33.33333333333333,66.66666666666666,persistent_surplus,518797171.391
Israel,-41131397.808000006,100.0,0.0,persistent_deficit,43969581.514
Australia,-39917841.221,100.0,0.0,persistent_deficit,44593137.199
"Areas, nes",-32026052.759,88.88888888888889,0.0,persistent_deficit,32753528.327
Philippines,-31903293.301999997,100.0,0.0,persistent_deficit,33788190.508
Luxembourg,-31567061.070000008,100.0,0.0,persistent_deficit,33663616.160000004
Guatemala,-29519887.504,100.0,0.0,persistent_deficit,29734006.237999998
Slovenia,-26135956.908,100.0,0.0,persistent_deficit,38094863.118
Bulgaria,-21862686.414,88.88888888888889,11.11111111111111,persistent_deficit,40885325.946
Slovakia,-20078750.017,100.0,0.0,persistent_deficit,20079775.757
Ghana,-18092933.818,77.77777777777779,22.22222222222222,persistent_deficit,58124217.172
Costa Rica,-18056760.016000003,100.0,0.0,persistent_deficit,18165090.016
Faroe Isds,-16850774.894,77.77777777777779,0.0,persistent_deficit,16850774.894
Serbia,-16581208.626,100.0,0.0,persistent_deficit,17107318.104
Colombia,-15725146.128,100.0,0.0,persistent_deficit,19748541.956
Croatia,-14765048.687,88.88888888888889,11.11111111111111,persistent_deficit,21198654.634999998
Iran,-14425340.87,100.0,0.0,persistent_deficit,18878249.211999997
Belarus,-13334892.632000001,33.33333333333333,0.0,mixed,13334892.632000001
Trinidad and Tobago,-13207179.069,100.0,0.0,persistent_deficit,13231719.069
Jordan,-12435292.967999998,88.88888888888889,11.11111111111111,persistent_deficit,29153332.566
Belize,-11025140.952999998,66.66666666666666,11.11111111111111,persistent_deficit,11121516.512999998
Guinea-Bissau,-10874330.994,55.55555555555556,33.33333333333333,persistent_deficit,14935376.538
Libya,-9446580.224,55.55555555555556,44.44444444444444,persistent_deficit,11321632.114
Sierra Leone,-8287631.9459999995,100.0,0.0,persistent_deficit,8778753.025999999
Cyprus,-5909916.706,88.88888888888889,11.11111111111111,persistent_deficit,9720429.08
Saint Vincent and the Grenadines,-5670228.149,22.22222222222222,11.11111111111111,mixed,5875332.951
Georgia,-5412464.561,100.0,0.0,persistent_deficit,6127182.693
Ecuador,-4750597.002,100.0,0.0,persistent_deficit,4940070.362
Bolivia (Plurinational State of),-4670359.725999999,66.66666666666666,22.22222222222222,persistent_deficit,4962646.74
Gambia,-4102307.793,66.66666666666666,33.33333333333333,persistent_deficit,4608700.181
North Macedonia,-3821068.3439999996,100.0,0.0,persistent_deficit,3838058.604
Paraguay,-3286147.7970000003,66.66666666666666,0.0,persistent_deficit,3286147.7970000003
Bosnia Herzegovina,-3265594.9370000004,100.0,0.0,persistent_deficit,3265594.937
Eswatini,-3196295.3930000006,100.0,0.0,persistent_deficit,3263121.227
Cambodia,-3051456.2660000003,100.0,0.0,persistent_deficit,3060093.556
Panama,-2815746.7429999993,44.44444444444444,44.44444444444444,mixed,4291797.973
Iceland,-2698725.7040000004,100.0,0.0,persistent_deficit,2979900.412
Kenya,-2587961.941,77.77777777777779,22.22222222222222,persistent_deficit,6446330.617000001
Rwanda,-2437183.005,33.33333333333333,66.66666666666666,persistent_surplus,4619150.629
Albania,-2283124.306,66.66666666666666,33.33333333333333,persistent_deficit,7262236.357999999
Dem. People's Rep. of Korea,-2272738.6689999998,100.0,0.0,persistent_deficit,2951732.399
French Polynesia,-2227509.05,44.44444444444444,11.11111111111111,mixed,2302809.0500000003
Mauritius,-2178526.275,55.55555555555556,44.44444444444444,persistent_deficit,28541592.696999997
Iraq,-2143517.914,55.55555555555556,44.44444444444444,persistent_deficit,4578201.467999999
Yemen,-2003397.6099999999,66.66666666666666,22.22222222222222,persistent_deficit,6002391.138
Sao Tome and Principe,-1938225.4479999999,66.66666666666666,33.33333333333333,persistent_deficit,3188546.862
Seychelles,-1294065.582,66.66666666666666,33.33333333333333,persistent_deficit,1880028.5299999998
United Rep. of Tanzania,-1282709.7650000001,44.44444444444444,55.55555555555556,persistent_surplus,5913120.839
Venezuela,-1253092.3309999998,66.66666666666666,22.22222222222222,persistent_deficit,2180674.141
Turkmenistan,-1239277.5180000002,33.33333333333333,11.11111111111111,mixed,1246825.5180000002
Fr. South Antarctic Terr.,-1232861.939,44.44444444444444,11.11111111111111,mixed,1241696.679
Turks and Caicos Isds,-1183377.7380000001,33.33333333333333,33.33333333333333,mixed,2664721.666
United States Minor Outlying Islands,-1115054.808,66.66666666666666,0.0,persistent_deficit,1115054.808
Norfolk Isds,-992802.764,33.33333333333333,0.0,mixed,992802.764
"Other Europe, nes",-950811.16,33.33333333333333,0.0,mixed,950811.16
Zambia,-879987.9040000001,66.66666666666666,33.33333333333333,persistent_deficit,3034696.262
Suriname,-655921.4269999999,88.88888888888889,11.11111111111111,persistent_deficit,723599.689
Vanuatu,-636874.032,22.22222222222222,11.11111111111111,mixed,1331106.156
Madagascar,-494324.809,77.77777777777779,22.22222222222222,persistent_deficit,1921766.685
Marshall Isds,-458153.818,11.11111111111111,44.44444444444444,mixed,2532470.482
New Caledonia,-422090.113,66.66666666666666,11.11111111111111,persistent_deficit,427907.67300000007
Kazakhstan,-408255.127,11.11111111111111,22.22222222222222,mixed,411666.565
Bahamas,-364675.525,55.55555555555556,0.0,persistent_deficit,364675.525
Rep. of Moldova,-325439.77799999993,77.77777777777779,11.11111111111111,persistent_deficit,434310.23000000004
Antarctica,-300776.078,66.66666666666666,0.0,persistent_deficit,300776.07800000004
Botswana,-286633.71700000006,77.77777777777779,11.11111111111111,persistent_deficit,292701.403
Armenia,-283339.31299999997,66.66666666666666,22.22222222222222,persistent_deficit,413416.707
South Georgia and the South Sandwich Islands,-279358.779,11.11111111111111,0.0,mixed,279358.779
American Samoa,-256883.52800000002,66.66666666666666,0.0,persistent_deficit,256883.52800000002
Mongolia,-218375.751,44.44444444444444,0.0,mixed,218375.751
San Marino,-196171.41700000002,66.66666666666666,0.0,persistent_deficit,322992.277
Honduras,-193713.528,88.88888888888889,11.11111111111111,persistent_deficit,235003.588
Saint Helena,-165899.80800000002,77.77777777777779,11.11111111111111,persistent_deficit,166053.38800000004
Anguilla,-161787.37800000003,66.66666666666666,0.0,persistent_deficit,161787.378
Greenland,-155967.565,55.55555555555556,0.0,persistent_deficit,155967.565
Gibraltar,-153806.24599999998,77.77777777777779,0.0,persistent_deficit,153806.246
"China, Macao SAR",-135898.99899999998,88.88888888888889,0.0,persistent_deficit,135898.999
Grenada,-134869.14200000002,44.44444444444444,0.0,mixed,134869.142
El Salvador,-129372.30600000001,100.0,0.0,persistent_deficit,129372.306
Cook Isds,-127431.6,77.77777777777779,0.0,persistent_deficit,127431.6
Syria,-124066.35800000001,77.77777777777779,11.11111111111111,persistent_deficit,146727.75
Tokelau,-119516.116,100.0,0.0,persistent_deficit,119516.11600000001
Fiji,-115968.651,11.11111111111111,0.0,mixed,115968.651
Bermuda,-114318.677,44.44444444444444,0.0,mixed,114318.677
Cocos Isds,-109841.295,33.33333333333333,0.0,mixed,109841.295
Andorra,-104162.572,77.77777777777779,11.11111111111111,persistent_deficit,137730.788
Guam,-97593.753,33.33333333333333,0.0,mixed,97593.753
Western Sahara,-88805.853,11.11111111111111,0.0,mixed,88805.853
Br. Virgin Isds,-79717.57200000001,44.44444444444444,0.0,mixed,79717.572
Malawi,-76660.19799999999,77.77777777777779,0.0,persistent_deficit,76660.198
Barbados,-73753.682,77.77777777777779,11.11111111111111,persistent_deficit,143151.682
Eritrea,-67317.52100000001,77.77777777777779,11.11111111111111,persistent_deficit,245612.759
Lao People's Dem. Rep.,-61556.742999999995,77.77777777777779,0.0,persistent_deficit,61556.743
Guyana,-58603.36499999999,44.44444444444444,11.11111111111111,mixed,137738.577
Lesotho,-55821.997,44.44444444444444,0.0,mixed,55821.997
Naoero,-45576.611,66.66666666666666,0.0,persistent_deficit,45576.611
Brunei Darussalam,-42588.333999999995,44.44444444444444,22.22222222222222,mixed,72521.718
Timor-Leste,-39922.054,44.44444444444444,0.0,mixed,39922.054
Pitcairn,-39062.912,44.44444444444444,0.0,mixed,39062.912000000004
Niue,-31485.808,33.33333333333333,0.0,mixed,31485.808
Saint Lucia,-26349.171000000002,33.33333333333333,11.11111111111111,mixed,26515.387
Somalia,-25430.266,55.55555555555556,11.11111111111111,persistent_deficit,56136.386
Maldives,-23614.190000000002,44.44444444444444,0.0,mixed,23614.190000000002
Solomon Isds,-23343.688,33.33333333333333,0.0,mixed,23343.688
Cayman Isds,-20938.573,55.55555555555556,0.0,persistent_deficit,20938.573
Palau,-18523.788,22.22222222222222,0.0,mixed,18523.788
Holy See (Vatican City State),-16369.955,22.22222222222222,0.0,mixed,16369.955
Kyrgyzstan,-13418.038,33.33333333333333,11.11111111111111,mixed,74398.038
Saint Pierre and Miquelon,-11800.0,11.11111111111111,0.0,mixed,11800.0
Nepal,-10649.398,55.55555555555556,11.11111111111111,persistent_deficit,20676.112
Uzbekistan,-10490.553,33.33333333333333,0.0,mixed,10490.553
FS Micronesia,-8660.183,11.11111111111111,0.0,mixed,8660.183
Falkland Isds (Malvinas),-8618.9,11.11111111111111,0.0,mixed,8618.9
Kiribati,-8618.9,11.11111111111111,0.0,mixed,8618.9
Cuba,-6988.673999999941,55.55555555555556,33.33333333333333,persistent_deficit,905991.078
Bouvet Island,-5992.79,11.11111111111111,0.0,mixed,5992.79
"Oceania, nes",-3851.572,22.22222222222222,0.0,mixed,3851.572
Aruba,-2701.6890000000003,33.33333333333333,11.11111111111111,mixed,20047.148999999998
Samoa,-2199.0,11.11111111111111,0.0,mixed,2199.0
Montserrat,-1621.888,22.22222222222222,0.0,mixed,1621.888
Saint Kitts and Nevis,-911.551,33.33333333333333,0.0,mixed,911.551
Br. Indian Ocean Terr.,-570.17,11.11111111111111,0.0,mixed,570.17
N. Mariana Isds,-461.633,11.11111111111111,0.0,mixed,461.633
State of Palestine,-331.98,11.11111111111111,0.0,mixed,331.98
Bhutan,-291.92,33.33333333333333,0.0,mixed,291.92
South Sudan,-152.038,11.11111111111111,0.0,mixed,152.038
Bonaire,-71.15,11.11111111111111,0.0,mixed,71.15
Tajikistan,12914.831,33.33333333333333,11.11111111111111,mixed,13467.628999999999
Papua New Guinea,19263.063,22.22222222222222,22.22222222222222,mixed,37168.893
Haiti,56740.911000000015,22.22222222222222,22.22222222222222,mixed,1999502.369
Afghanistan,96102.50500000002,66.66666666666666,11.11111111111111,persistent_deficit,297142.275
Heard Island and McDonald Islands,115896.604,0.0,11.11111111111111,mixed,115896.604
Zimbabwe,187254.713,77.77777777777779,22.22222222222222,persistent_deficit,431715.51099999994
Sudan,244179.21099999998,55.55555555555556,44.44444444444444,persistent_deficit,4109943.4529999997
Azerbaijan,246106.02500000002,33.33333333333333,55.55555555555556,persistent_surplus,628972.569
Burundi,320200.89,33.33333333333333,66.66666666666666,persistent_surplus,504590.25
Comoros,405979.26900000003,0.0,88.88888888888889,persistent_surplus,597297.389
Djibouti,407363.413,55.55555555555556,33.33333333333333,persistent_deficit,672620.717
Dominica,414468.26,22.22222222222222,66.66666666666666,persistent_surplus,726727.9940000001
Montenegro,831463.961,11.11111111111111,22.22222222222222,mixed,1073267.335
Uganda,1078486.224,33.33333333333333,66.66666666666666,persistent_surplus,2288846.822
Cabo Verde,1355152.677,0.0,100.0,persistent_surplus,1641591.559
Mozambique,1640516.958,55.55555555555556,44.44444444444444,persistent_deficit,7318342.944
Bahrain,1712254.0569999993,55.55555555555556,44.44444444444444,persistent_deficit,11565864.729
Niger,1996071.549,22.22222222222222,77.77777777777779,persistent_surplus,2190990.285
Nicaragua,3172900.495,33.33333333333333,55.55555555555556,persistent_surplus,3291949.2970000003
Mali,4376158.0309999995,0.0,100.0,persistent_surplus,5405987.829
Dominican Rep.,9415081.274999999,0.0,100.0,persistent_surplus,11829311.837
Sri Lanka,9618454.47,66.66666666666666,33.33333333333333,persistent_deficit,16818937.748
Kuwait,12148877.2,66.66666666666666,33.33333333333333,persistent_deficit,90624158.38
Benin,13081194.940000003,44.44444444444444,55.55555555555556,persistent_surplus,38058173.006
Ethiopia,14401264.608000001,66.66666666666666,33.33333333333333,persistent_deficit,16704020.879999999
Burkina Faso,24256365.909,0.0,100.0,persistent_surplus,28144819.471
Curaçao,31213929.493,44.44444444444444,11.11111111111111,mixed,31761086.507
Malta,44415496.75699999,55.55555555555556,44.44444444444444,persistent_deficit,91114774.66099998
Congo,77389463.10999998,22.22222222222222,77.77777777777779,persistent_surplus,517646512.514
Dem. Rep. of the Congo,101433647.78399998,0.0,100.0,persistent_surplus,102473925.314
Portugal,153253746.195,66.66666666666666,33.33333333333333,persistent_deficit,889947594.5769999
Gabon,154211741.557,22.22222222222222,77.77777777777779,persistent_surplus,671081316.233
Indonesia,208127977.383,11.11111111111111,88.88888888888889,persistent_surplus,864271197.493
Malaysia,263703905.12700003,11.11111111111111,88.88888888888889,persistent_surplus,1433332607.455
Central African Rep.,449164229.02699995,0.0,100.0,persistent_surplus,456169370.955
Vietnam,612540387.141,0.0,100.0,persistent_surplus,1037782761.8429999
Spain,656877844.2559999,22.22222222222222,77.77777777777779,persistent_surplus,3751094755.12
Bangladesh,1130693926.28,0.0,100.0,persistent_surplus,1185254194.532
Chad,1147173436.985,0.0,100.0,persistent_surplus,1237705700.6629999
Italy,1683494813.0340004,0.0,100.0,persistent_surplus,4335483928.634
Netherlands,4157336052.7230005,0.0,100.0,persistent_surplus,7458029195.343
