partner,total_trade_2015,total_trade_2023,abs_change,pct_change,avg_annual_growth_pct,share_2015_pct,share_2023_pct,change_in_share_pp,status
India,850627638.0,1435394020.491,584766382.4909999,68.74528364325259,6.758866831451504,8.430855537266059,10.82141245192014,2.3905569146540806,growing
Netherlands,761942926.0,1312726988.98,550784062.98,72.2867873938369,7.0364006765290865,7.551871641334798,9.89662767276999,2.3447560314351916,growing
Indonesia,48689815.0,344420281.749,295730466.749,607.3764436135156,27.70453620601414,0.4825810708036387,2.596578968844771,2.1139978980411325,growing
France,828693357.0,1247421611.652,418728254.65199995,50.52873310917586,5.2452310338882535,8.213457528826554,9.404291482632575,1.1908339538060204,growing
Türkiye,117874439.0,305070674.50399995,187196235.50399995,158.80986335298695,12.621835961399563,1.1682930607355602,2.2999229122216898,1.1316298514861296,growing
Belgium,305280605.0,532176407.508,226895802.50800002,74.32368738525005,7.193771274082339,3.02573836553872,4.012069383468151,0.9863310179294307,growing
United Arab Emirates,72061662.0,217177196.581,145115534.581,201.37689105893784,14.785952813412395,0.7142272775497274,1.6372953947173536,0.9230681171676263,growing
Bangladesh,73742760.0,213683541.294,139940781.294,189.76884143473882,14.223762221053239,0.7308892031077904,1.6109567836560326,0.8800675805482422,growing
Chad,113099636.0,260891498.323,147791862.323,130.6740388828484,11.013255833306168,1.1209683883247814,1.966856813007266,0.8458884246824845,growing
Saudi Arabia,13956338.0,119862716.591,105906378.591,758.840740250057,30.839561425247663,0.13832594222297853,0.9036430940370876,0.7653171518141091,growing
Norway,68666533.0,188344299.89,119677766.88999999,174.28834930401976,13.442534311997845,0.6805770164358479,1.4199246499443015,0.7393476335084536,growing
Rep. of Korea,55719256.0,164702381.617,108983125.61700001,195.59328935942722,14.50826154484821,0.552252215886671,1.2416886080390925,0.6894363921524216,growing
United Kingdom,171346240.0,312355577.122,141009337.12199998,82.29497018551442,7.794557915784628,1.6982699970697623,2.354843675981375,0.6565736789116128,growing
Poland,25457376.0,116177830.70300001,90720454.70300001,356.36215886114894,20.896493093645184,0.2523165834565371,0.8758627985481404,0.6235462150916034,growing
Germany,252790997.0,386394623.65999997,133603626.65999997,52.85141806691793,5.446867816648404,2.5054962731277457,2.9130228579320856,0.4075265848043399,growing
Ukraine,0.0,49178925.010000005,49178925.010000005,,,0.0,0.3707591252840931,0.3707591252840931,emerging
United States,308625509.0,454299441.697,145673932.69700003,47.200872400019286,4.951535753655145,3.0588908298488713,3.424956189798415,0.3660653599495438,growing
Liberia,4853361.0,49823114.698,44969753.698,926.5693134716333,33.78996334648152,0.048103287070953515,0.3756156609889981,0.3275123739180446,growing
Gabon,53292295.0,108906564.022,55614269.022,104.35705390807432,9.344943405315309,0.5281977922217079,0.8210448358983519,0.29284704367664394,growing
Egypt,31416436.0,77583049.93100001,46166613.93100001,146.95051319952398,11.963442121407098,0.31137882379947396,0.5848973665740093,0.2735185427745353,growing
Greece,39166167.0,87624866.97500001,48458699.97500001,123.72591878852992,10.589663738556787,0.388189004417744,0.6606024638842755,0.27241345946653145,growing
Hungary,20449226.0,62705043.199999996,42255817.199999996,206.63773386826475,15.034523952788259,0.2026791307419346,0.47273231293701407,0.27005318219507946,growing
Guinea,0.0,35089422.404,35089422.404,,,0.0,0.2645385915732341,0.2645385915732341,emerging
Uruguay,1762311.0,28623734.704,26861423.704,1524.2158565656118,41.687151170552575,0.017466854812839838,0.21579387591455162,0.1983270211017118,growing
Kuwait,590613.0,27012807.586,26422194.586,4473.689977362503,61.26248223020636,0.005853763337785314,0.2036491222615456,0.1977953589237603,growing
Algeria,6953809.0,34674168.288,27720359.288000003,398.6356152146256,22.242693856152428,0.06892153098926296,0.2614079974663586,0.19248646647709566,growing
Peru,158884.0,24014177.703,23855293.703,15014.28318962262,87.25069762577023,0.0015747525607473622,0.18104249976530856,0.1794677472045612,growing
Lithuania,699015.0,24699183.494999997,24000168.494999997,3433.4268213128466,56.14371669000593,0.006928171881692413,0.18620674742230417,0.17927857554061175,growing
Singapore,26317057.0,58243837.478999995,31926780.478999995,121.31592251747601,10.440046934394708,0.2608371698980658,0.439099354703502,0.17826218480543615,growing
Central African Rep.,26779986.0,57527150.206,30747164.206,114.8139666913941,10.029164287139313,0.2654254143291868,0.4336962608704081,0.16827084654122126,growing
Estonia,6250414.0,30491385.432,24240971.432,387.8298530625331,21.908376239705962,0.06194994745997813,0.22987406473748087,0.16792411727750273,growing
Malaysia,104345553.0,157973124.373,53627571.372999996,51.39420879105408,5.320680818507184,1.034203738509539,1.1909568458240833,0.15675310731454428,growing
Brazil,113685782.0,169375958.65,55690176.650000006,48.98605231918975,5.109798033988255,1.1267778777288235,1.2769226301807024,0.15014475245187886,growing
Qatar,4777745.0,23699938.855,18922193.855,396.04863497319343,22.163237144436643,0.04735383155854527,0.1786734581404444,0.13131962658189913,growing
Argentina,50149485.0,81728063.817,31578578.817,62.968899515119645,6.295062495814507,0.49704834926053876,0.616146559645051,0.11909821038451229,growing
Ethiopia,357824.0,15250958.247,14893134.247,4162.139556597657,59.84662029489065,0.0035465135589289303,0.11497672912232583,0.1114302155633969,growing
Finland,15471152.0,33332701.842,17861549.842,115.45067776465514,10.06987748528745,0.15333977134080007,0.2512947034889935,0.09795493214819345,growing
Switzerland,16632714.0,34069257.641,17436543.641000003,104.83282307986539,9.376732155003031,0.16485240152361788,0.2568475858202897,0.09199518429667183,growing
Latvia,849168.0,13239270.967,12390102.967,1459.0873616292654,40.96419201656827,0.00841638857597188,0.0998106510487145,0.09139426247274263,growing
Oman,2001613.0,13344947.081,11343334.081,566.7096527150852,26.762878612893214,0.01983865711698604,0.10060734157381435,0.0807686844568283,growing
Czechia,10509411.0,24288994.309,13779583.309,131.11660880899987,11.0398571893376,0.1041622937753109,0.18311433774129895,0.07895204396598805,growing
Faroe Isds,66648.0,10357240.849,10290592.849,15440.212533009242,87.90231003101545,0.0006605706595295323,0.07808307230690965,0.07742250164738013,growing
Chile,2993793.0,12974206.061,9980413.061,333.370178265498,20.117802348563995,0.029672485543525643,0.09781233098230219,0.06813984543877655,growing
Russian Federation,37514268.0,56058628.696,18544360.696000002,49.43282032319011,5.149145846064607,0.37181647993229544,0.4226251008074794,0.05080862087518395,growing
"Areas, nes",2215.0,6603403.859999999,6601188.859999999,298022.07042889384,171.83117731944364,2.1953607172877116e-05,0.04978295557565307,0.04976100196848019,growing
Tunisia,24451759.0,38580325.451,14128566.450999998,57.78139090525143,5.866114168214032,0.24234957642070543,0.29085645354142714,0.048506877120721714,growing
Mexico,6337986.0,14542504.283,8204518.283,129.44992751640663,10.939445437831852,0.06281790289444458,0.10963570607346337,0.04681780317901879,growing
Australia,4806592.0,12124343.651,7317751.651000001,152.24407752935969,12.260668035805654,0.047639743841216144,0.09140523193165477,0.04376548809043863,growing
Slovenia,2415696.0,7694179.343,5278483.343,218.50776517409477,15.581946238634604,0.023942772475435917,0.05800629441187573,0.034063521936439814,growing
Côte d'Ivoire,95526450.0,129900009.809,34373559.809,35.983290291851105,3.916782890596293,0.9467946536882561,0.9793140862958435,0.032519432607587384,growing
Jordan,1358738.0,5757810.199999999,4399072.199999999,323.7616229177368,19.781625639124734,0.013466907585941627,0.04340803856265155,0.029941130976709925,growing
Rwanda,372889.0,3389188.158,3016299.158,808.9000099225239,31.76938334256867,0.003695827821709695,0.025551035054706385,0.02185520723299669,growing
Philippines,4818489.0,8571756.474,3753267.4739999995,77.89303812875778,7.465699289488104,0.04775765899450541,0.0646223342987322,0.016864675304226785,growing
Slovakia,1206746.0,3306582.786,2099836.786,174.00818283217842,13.428043627872999,0.011960463946474386,0.024928274482769124,0.012967810536294738,growing
Yemen,60232.0,1572708.1,1512476.1,2511.083975295524,50.34971352229951,0.0005969795337411894,0.01185662109053099,0.0112596415567898,growing
Ghana,5674798.0,8682907.118,3008109.1180000007,53.008214882714775,5.460382834903421,0.05624482441418903,0.06546029721751954,0.009215472803330516,growing
Serbia,646063.0,1835240.962,1189177.962,184.06532520822273,13.940278862060751,0.006403346867237249,0.013835852117920409,0.00743250525068316,growing
Belarus,0.0,863265.754,863265.754,,,0.0,0.006508146645655056,0.006508146645655056,emerging
Bosnia Herzegovina,179243.0,950499.182,771256.182,430.2852451699648,23.186663603081925,0.0017765374313715634,0.007165798057397717,0.0053892606260261535,growing
Cambodia,107218.0,847512.955,740294.955,690.4577169878193,29.489582452773135,0.0010626735231880535,0.006389386547161067,0.005326713023973013,growing
Montenegro,0.0,680993.021,680993.021,,,0.0,0.0051339954409168565,0.0051339954409168565,emerging
Iraq,216186.0,796624.066,580438.066,268.49012702025107,17.707255056072047,0.00214269188274294,0.006005736030837605,0.0038630441480946654,growing
Uganda,338635.0,901006.559,562371.559,166.07012240317746,13.011987736778519,0.003356324950332841,0.006792673968008529,0.003436349017675688,growing
Albania,274786.0,799980.507,525194.507,191.128553492536,14.290623065662334,0.0027234961176551744,0.006031040185594437,0.0033075440679392627,growing
Seychelles,25606.0,467254.439,441648.439,1724.7849683667891,43.764434985993894,0.0002537896457194995,0.003522623706262863,0.0032688340605433637,growing
Israel,3358219.0,4838659.988,1480440.988,44.08411089330386,4.67115377673013,0.03328443373656533,0.03647857988626702,0.0031941461497016904,growing
Sao Tome and Principe,912.0,341105.415,340193.415,37301.90953947369,109.70641791318477,9.03913758088665e-06,0.0025715882416980783,0.0025625491041171918,growing
Paraguay,0.0,309007.011,309007.011,,,0.0,0.0023295988898032263,0.0023295988898032263,emerging
Madagascar,111171.0,454291.407,343120.407,308.64200825754915,19.238876746018008,0.0011018530307069624,0.0034248956163468592,0.002323042585639897,growing
South Georgia and the South Sandwich Islands,0.0,279358.779,279358.779,,,0.0,0.0021060813452390727,0.0021060813452390727,emerging
United Rep. of Tanzania,180810.0,485235.359,304425.359,168.3675454897406,13.13350682630694,0.0017920684934211789,0.003658181573167186,0.001866113079746007,growing
Iceland,63313.0,302309.317,238996.31699999998,377.48379795618587,21.5821530749581,0.000627516357081882,0.0022791050823774725,0.0016515887252955904,growing
Eswatini,80676.0,318521.036,237845.03600000002,294.8151073429521,18.726925127759884,0.000799606867846065,0.0024013249713760497,0.0016017181035299847,growing
Niger,391.0,167116.69900000002,166725.69900000002,42640.843734015354,113.23347591656874,3.875332011103816e-06,0.001259890107988456,0.001256014775977352,growing
Panama,61374.0,231317.74599999998,169943.74599999998,276.89859875517317,18.039691381414613,0.0006082982783874311,0.0017439007695310342,0.001135602491143603,growing
Turks and Caicos Isds,0.0,140964.143,140964.143,,,0.0,0.0010627264086084547,0.0010627264086084547,emerging
French Polynesia,37694.0,187999.405,150305.405,398.75153870642544,22.24624588853221,0.00037359786400651464,0.00141732449291148,0.0010437266289049655,growing
Zambia,216045.0,414560.935,198515.935,91.88638246661574,8.487704350465176,0.0021412943844985265,0.0031253682264568024,0.000984073841958276,growing
North Macedonia,7328.0,137406.597,130078.59700000001,1775.090024563319,44.25396709477576,7.263026336922957e-05,0.0010359061264886297,0.0009632758631194002,growing
Nicaragua,15407.0,145480.07200000001,130073.07200000001,844.2465892126955,32.39929668171286,0.00015270393937359716,0.001096771924762877,0.0009440679853892799,growing
Cabo Verde,24657.0,157439.49300000002,132782.49300000002,538.5184450663098,26.080139574074114,0.0002443837887411427,0.0011869338074791541,0.0009425500187380115,growing
Sierra Leone,40350.0,159140.419,118790.419,294.40004708798017,18.711316078483865,0.00039992236994383363,0.0011997570612571644,0.0007998346913133307,growing
Bahamas,1064.0,106150.672,105086.672,9876.566917293234,77.77579931424097,1.0545660511034424e-05,0.0008002682102350954,0.000789722549724061,growing
Kenya,783479.0,1131723.3399999999,348244.33999999985,44.44845873341849,4.704202688207348,0.0077653228867713715,0.008532044072062815,0.0007667211852914434,growing
Burundi,357.0,98103.509,97746.509,27379.974509803924,101.77949960689779,3.5383466188339187e-06,0.0007396007777059817,0.0007360624310871479,growing
Marshall Isds,0.0,86666.352,86666.352,,,0.0,0.0006533762348922745,0.0006533762348922745,emerging
Dominica,2727.0,77715.463,74988.463,2749.851961862853,52.00321984732912,2.7028210727059096e-05,0.000585895626573158,0.0005588674158460989,growing
Rep. of Moldova,0.0,61043.808000000005,61043.808000000005,,,0.0,0.0004602082874623234,0.0004602082874623234,emerging
Saint Vincent and the Grenadines,0.0,52978.491,52978.491,,,0.0,0.0003994039922189669,0.0003994039922189669,emerging
Sri Lanka,387438.0,550607.4079999999,163169.40799999994,42.11497271821554,4.49126322089024,0.0038400278355960106,0.00415102039996831,0.0003109925643722997,growing
Guyana,0.0,39567.606,39567.606,,,0.0,0.00029829954573351564,0.00029829954573351564,emerging
Trinidad and Tobago,12092.0,39204.086,27112.086000000003,224.21506781343038,15.838826517009252,0.00011984786362728219,0.0002955589742957328,0.00017571111066845064,growing
Suriname,2308.0,18070.615,15762.615000000002,682.9555892547661,29.33531974617032,2.287536133408595e-05,0.00013623407606781302,0.00011335871473372707,growing
Lesotho,4179.0,19607.988,15428.988000000001,369.202871500359,21.316558747960634,4.141946924399704e-05,0.00014782430640732287,0.00010640483716332582,growing
Holy See (Vatican City State),0.0,10355.955,10355.955,,,0.0,7.807337831196384e-05,7.807337831196384e-05,emerging
Aruba,0.0,10227.16,10227.16,,,0.0,7.710239487685917e-05,7.710239487685917e-05,emerging
Cayman Isds,0.0,7209.288,7209.288,,,0.0,5.435070636980376e-05,5.435070636980376e-05,emerging
Eritrea,587.0,7906.9,7319.9,1247.0017035775127,38.41113122569588,5.8179536841891045e-06,5.9609992026314025e-05,5.379203834212492e-05,growing
Gibraltar,593.0,7155.718,6562.718,1106.6978077571669,36.52111149850161,5.877421694589675e-06,5.3946843000740084e-05,4.806942130615041e-05,growing
Nepal,0.0,5013.357,5013.357,,,0.0,3.7795617852137447e-05,3.7795617852137447e-05,emerging
Greenland,0.0,4779.372,4779.372,,,0.0,3.60316086975665e-05,3.60316086975665e-05,emerging
Botswana,0.0,3484.365,3484.365,,,0.0,2.6268571736934533e-05,2.6268571736934533e-05,emerging
Antarctica,204.0,3320.996,3116.996,1527.9392156862746,41.727711035570735,2.021912353619382e-06,2.503693547147691e-05,2.3015023117857525e-05,growing
San Marino,0.0,2043.084,2043.084,,,0.0,1.5402777441107106e-05,1.5402777441107106e-05,emerging
Saint Kitts and Nevis,0.0,651.791,651.791,,,0.0,4.91384187391054e-06,4.91384187391054e-06,emerging
Jamaica,278.0,997.296,719.296,258.73956834532373,17.313342834842494,2.755351148559746e-06,7.518598516216833e-06,4.7632473676570875e-06,growing
Bermuda,0.0,369.724,369.724,,,0.0,2.787343294076936e-06,2.787343294076936e-06,emerging
Cook Isds,0.0,321.648,321.648,,,0.0,2.424899102717861e-06,2.424899102717861e-06,emerging
Kazakhstan,0.0,249.324,249.324,,,0.0,1.8796496290542083e-06,1.8796496290542083e-06,emerging
Saint Lucia,0.0,83.108,83.108,,,0.0,6.265498763514028e-07,6.265498763514028e-07,emerging
Anguilla,0.0,31.151,31.151,,,0.0,2.3484688836480902e-07,2.3484688836480902e-07,emerging
Niue,0.0,0.0,0.0,,,0.0,0.0,0.0,stable
Montserrat,0.0,0.0,0.0,,,0.0,0.0,0.0,stable
Maldives,0.0,0.0,0.0,,,0.0,0.0,0.0,stable
Samoa,0.0,0.0,0.0,,,0.0,0.0,0.0,stable
Uzbekistan,0.0,0.0,0.0,,,0.0,0.0,0.0,stable
Western Sahara,0.0,0.0,0.0,,,0.0,0.0,0.0,stable
Vanuatu,0.0,0.0,0.0,,,0.0,0.0,0.0,stable
Palau,0.0,0.0,0.0,,,0.0,0.0,0.0,stable
Naoero,0.0,0.0,0.0,,,0.0,0.0,0.0,stable
Heard Island and McDonald Islands,0.0,0.0,0.0,,,0.0,0.0,0.0,stable
FS Micronesia,0.0,0.0,0.0,,,0.0,0.0,0.0,stable
Bhutan,0.0,0.0,0.0,,,0.0,0.0,0.0,stable
Fiji,0.0,0.0,0.0,,,0.0,0.0,0.0,stable
Grenada,0.0,0.0,0.0,,,0.0,0.0,0.0,stable
Falkland Isds (Malvinas),0.0,0.0,0.0,,,0.0,0.0,0.0,stable
State of Palestine,0.0,0.0,0.0,,,0.0,0.0,0.0,stable
Solomon Isds,0.0,0.0,0.0,,,0.0,0.0,0.0,stable
South Sudan,0.0,0.0,0.0,,,0.0,0.0,0.0,stable
Saint Pierre and Miquelon,0.0,0.0,0.0,,,0.0,0.0,0.0,stable
N. Mariana Isds,0.0,0.0,0.0,,,0.0,0.0,0.0,stable
"Other Europe, nes",0.0,0.0,0.0,,,0.0,0.0,0.0,stable
"Oceania, nes",0.0,0.0,0.0,,,0.0,0.0,0.0,stable
Pitcairn,0.0,0.0,0.0,,,0.0,0.0,0.0,stable
Kiribati,0.0,0.0,0.0,,,0.0,0.0,0.0,stable
Cocos Isds,0.0,0.0,0.0,,,0.0,0.0,0.0,stable
Br. Indian Ocean Terr.,0.0,0.0,0.0,,,0.0,0.0,0.0,stable
Bouvet Island,0.0,0.0,0.0,,,0.0,0.0,0.0,stable
Bonaire,0.0,0.0,0.0,,,0.0,0.0,0.0,stable
Br. Virgin Isds,0.0,0.0,0.0,,,0.0,0.0,0.0,stable
Brunei Darussalam,84.0,0.0,-84.0,-100.0,-100.0,8.325521456079809e-07,0.0,-8.325521456079809e-07,declining
Guam,86.0,0.0,-86.0,-100.0,-100.0,8.523748157415043e-07,0.0,-8.523748157415043e-07,declining
Lao People's Dem. Rep.,208.0,0.0,-208.0,-100.0,-100.0,2.0615576938864285e-06,0.0,-2.0615576938864285e-06,declining
Tajikistan,229.0,0.0,-229.0,-100.0,-100.0,2.269695730288424e-06,0.0,-2.269695730288424e-06,declining
Timor-Leste,422.0,0.0,-422.0,-100.0,-100.0,4.182583398173428e-06,0.0,-4.182583398173428e-06,declining
Afghanistan,463.0,0.0,-463.0,-100.0,-100.0,4.588948135910656e-06,0.0,-4.588948135910656e-06,declining
Somalia,503.0,0.0,-503.0,-100.0,-100.0,4.985401538581124e-06,0.0,-4.985401538581124e-06,declining
Turkmenistan,569.0,0.0,-569.0,-100.0,-100.0,5.639549652987394e-06,0.0,-5.639549652987394e-06,declining
"China, Macao SAR",645.0,0.0,-645.0,-100.0,-100.0,6.392811118061282e-06,0.0,-6.392811118061282e-06,declining
Fr. South Antarctic Terr.,707.0,0.0,-707.0,-100.0,-100.0,7.007313892200506e-06,0.0,-7.007313892200506e-06,declining
Mongolia,1174.0,0.0,-1174.0,-100.0,-100.0,1.1635907368378209e-05,0.0,-1.1635907368378209e-05,declining
Cuba,1841.0,0.0,-1841.0,-100.0,-100.0,1.8246767857908246e-05,0.0,-1.8246767857908246e-05,declining
Saint Helena,3125.0,1268.238,-1856.762,-59.416384,-10.660433154027738,3.097292208363024e-05,9.561225899842979e-06,-2.1411696183787263e-05,declining
Malawi,7451.0,5653.526,-1797.4740000000002,-24.12392967386928,-3.39199722926653,7.384935758244125e-05,4.2621841654827935e-05,-3.122751592761332e-05,declining
Papua New Guinea,6303.0,0.0,-6303.0,-100.0,-100.0,6.247114492579885e-05,0.0,-6.247114492579885e-05,declining
Tokelau,15999.0,11326.784,-4672.216,-29.203175198449905,-4.225096619193492,0.00015857144973312009,8.539244254053818e-05,-7.317900719258191e-05,declining
Myanmar,23888.0,9656.126,-14231.874,-59.57750334896183,-10.704845770527172,0.00023676197207480297,7.279737872808352e-05,-0.00016396459334671945,declining
Bolivia (Plurinational State of),17679.0,0.0,-17679.0,-100.0,-100.0,0.00017522249264527968,0.0,-0.00017522249264527968,declining
Andorra,25249.0,9847.74,-15401.26,-60.9975048516773,-11.103113845731782,0.0002502512991006656,7.424195359460898e-05,-0.00017600934550605663,declining
Zimbabwe,25384.0,2632.531,-22751.469,-89.62917191931926,-24.668488867321102,0.00025158932933467843,1.984660890096302e-05,-0.0002317427204337154,declining
Kyrgyzstan,30490.0,0.0,-30490.0,-100.0,-100.0,0.00030219660618556357,0.0,-0.00030219660618556357,declining
New Caledonia,37250.0,2908.78,-34341.22,-92.19119463087249,-27.293527448504975,0.00036919723123687246,2.1929245672299096e-05,-0.0003472679855645734,declining
Comoros,35594.0,0.0,-35594.0,-100.0,-100.0,0.0003527840603663151,0.0,-0.0003527840603663151,declining
Barbados,37376.0,41.554,-37334.446,-99.88882170376712,-57.26807063983532,0.0003704460594552844,3.132749381757014e-07,-0.00037013278451710873,declining
Honduras,42601.0,522.854,-42078.146,-98.77267200300463,-42.307404165721096,0.0004222327851791142,3.941787903087986e-06,-0.0004182909972760262,declining
Armenia,48042.0,0.0,-48042.0,-100.0,-100.0,0.00047616035927736447,0.0,-0.00047616035927736447,declining
Syria,50833.0,52.184,-50780.816,-99.89734227765427,-57.691858026229056,0.0005038228954486963,3.934143373384223e-07,-0.0005034294811113579,declining
Azerbaijan,55877.0,4596.276,-51280.724,-91.77429711688173,-26.819288548792198,0.0005538156695254423,3.4651250896146216e-05,-0.0005191644186292961,declining
Gambia,114169.0,48355.368,-65813.632,-57.645798771995906,-10.182272648893797,0.001131567213237114,0.0003645503422212853,-0.0007670168710158286,declining
El Salvador,85434.0,5765.428,-79668.572,-93.25160006554768,-28.607909100504003,0.0008467650000937171,4.3465469034424064e-05,-0.000803299531059293,declining
American Samoa,102987.0,0.0,-102987.0,-100.0,-100.0,0.0010207386645205848,0.0,-0.0010207386645205848,declining
Djibouti,105960.0,1697.913,-104262.087,-98.39759060022651,-40.35189024144089,0.0010502050636740673,1.2800538819433018e-05,-0.0010374045248546344,declining
Haiti,215873.0,307.43,-215565.57,-99.85758756305792,-55.92488138352751,0.0021395896348670434,2.317709829218748e-06,-0.0021372719250378246,declining
Sudan,314366.0,60847.606,-253518.394,-80.6443425815769,-18.55751981609134,0.003115786759597601,0.00045872912373753276,-0.0026570576358600686,declining
Georgia,993228.0,939330.623,-53897.37699999998,-5.426485862259217,-0.6949828281142878,0.009844215505689567,0.007081598470589307,-0.0027626170351002597,stable
Dem. People's Rep. of Korea,414095.0,161141.331,-252953.669,-61.085902751784005,-11.12832409579606,0.004104234294470677,0.001214841904668028,-0.002889392389802649,declining
Dominican Rep.,1256582.0,1062943.4710000001,-193638.52899999986,-15.40993974129821,-2.0701888978188143,0.012454405240861522,0.008013513745049586,-0.0044408914958119355,stable
Mali,895994.0,321837.896,-574156.104,-64.08035143092476,-12.013405275446033,0.008880496751808062,0.002426330725609997,-0.006454166026198065,declining
Ecuador,727852.0,5205.097,-722646.903,-99.28486876452905,-46.07399862571382,0.00721398505101262,3.924114263063793e-05,-0.007174743908381982,declining
Mozambique,1139100.0,377035.251,-762064.7490000001,-66.90060126415592,-12.908150565239584,0.011290001774548227,0.0028424626978650683,-0.008447539076683159,declining
Cyprus,1222633.0,484407.426,-738225.574,-60.3799810736337,-10.928383349976533,0.01211792532668003,0.003651939799586096,-0.008465985527093933,declining
Bulgaria,2221774.0,1661912.1400000001,-559861.8599999999,-25.19886631133499,-3.5641478368609647,0.02202074655661936,0.012529128914471475,-0.009491617642147884,declining
United States Minor Outlying Islands,964700.0,0.0,-964700.0,-100.0,-100.0,0.009561464938904989,0.0,-0.009561464938904989,declining
Norfolk Isds,973724.0,0.0,-973724.0,-100.0,-100.0,0.009650904826547447,0.0,-0.009650904826547447,declining
Mauritius,3212821.0,2757254.69,-455566.31000000006,-14.17963559127633,-1.8932713956090974,0.03184334544052832,0.02078689879540869,-0.011056446645119629,stable
Guinea-Bissau,1635546.0,381568.759,-1253977.241,-76.67025207484228,-16.634039973123883,0.016210444423101794,0.002876640741817974,-0.01333380368128382,declining
Iran,1600562.0,276844.257,-1323717.743,-82.70330940007322,-19.69448397647685,0.015863706277126202,0.0020871244042925583,-0.013776581872833643,declining
Libya,4036200.0,3421810.947,-614389.0529999998,-15.221967518953466,-2.043013404653593,0.04000413059646348,0.02579697773668872,-0.014207152859774762,stable
Venezuela,1706495.0,0.0,-1706495.0,-100.0,-100.0,0.01691364373475347,0.0,-0.01691364373475347,declining
Lebanon,7936193.0,7939057.722,2864.722000000067,0.036096929598361166,0.004511403788765023,0.07865826797748855,0.05985242857565756,-0.01880583940183099,stable
"Other Asia, nes",16622051.0,19293335.965,2671284.965,16.070730170422408,1.8803291896326124,0.164746716957801,0.14545214977230617,-0.019294567185494826,stable
Belize,2217129.0,1130.45,-2215998.55,-99.94901289009344,-61.235646132468936,0.02197470840523425,8.522444382266969e-06,-0.021966185960851984,declining
Colombia,3576293.0,1716436.108,-1859856.892,-52.00515986805332,-8.767554011812928,0.035445838219914316,0.012940184232955709,-0.022505653986958606,declining
New Zealand,28757144.0,34647975.455,5890831.454999998,20.484758343874475,2.356756131746396,0.28502168974711517,0.2612105301193229,-0.02381115962779229,growing
Burkina Faso,3783513.0,453515.642,-3329997.358,-88.01337164693236,-23.29262341100303,0.037499665072448674,0.0034190471364793644,-0.03408061793596931,declining
Romania,8641136.0,5708768.915,-2932367.085,-33.93497203376963,-5.049675590543212,0.08564519425345674,0.0430383171031908,-0.04260687715026593,declining
Bahrain,5064411.0,619499.297,-4444911.703,-87.7675943559873,-23.097761019808193,0.05019507433679357,0.004670395243961243,-0.04552467909283233,declining
Guatemala,5304556.0,460266.528,-4844289.472,-91.32318467370314,-26.32925795688641,0.05257523189640106,0.003469941957538257,-0.0491052899388628,declining
Angola,15501348.0,13830394.999,-1670953.0010000002,-10.779404481468323,-1.415613140491634,0.153639054014476,0.10426712562586644,-0.04937192838860956,stable
Austria,10690309.0,6937074.826,-3753234.1739999996,-35.108752927534645,-5.262206603271746,0.10595523446621795,0.052298495625820965,-0.053656738840396984,declining
Croatia,9714577.0,4393415.6680000005,-5321161.3319999995,-54.77501832555344,-9.442943012370907,0.09628442767885645,0.033121890113415264,-0.06316253756544118,declining
Pakistan,20308558.0,17999461.316,-2309096.6840000004,-11.370067160849137,-1.4974320779819972,0.20128492306076337,0.13569764958766492,-0.06558727347309845,stable
Luxembourg,10497531.0,3821009.4519999996,-6676521.548,-63.60087479617826,-11.867443460163418,0.10404454711471778,0.028806528850268815,-0.07523801826444897,declining
"China, Hong Kong SAR",15437078.0,10178494.924999999,-5258583.075000001,-34.06462722414178,-5.072988578401228,0.1530020525097352,0.07673550965854226,-0.07626654285119294,declining
Sweden,31205240.0,30671113.518,-534126.4820000008,-1.711656382069168,-0.21557661838124131,0.30928558947871415,0.23122903188938174,-0.07805655758933241,stable
Costa Rica,8824174.0,797620.802,-8026553.198,-90.96095790948819,-25.95166442575907,0.08745934520140666,0.006013250407522822,-0.08144609479388384,declining
Canada,63735462.0,71762569.84300001,8027107.84300001,12.594413833542164,1.4938216016703976,0.6317035195168563,0.5410168607329084,-0.09068665878394788,stable
Denmark,18087175.0,11568724.112,-6518450.888,-36.03907679336326,-5.433059104618609,0.17926805183615516,0.08721642515662861,-0.09205162667952654,declining
Malta,12045638.0,2595294.425,-9450343.575,-78.45448763278458,-17.45902334622629,0.119388354310917,0.01956588296047594,-0.09982247135044106,declining
Namibia,10535583.0,0.0,-10535583.0,-100.0,-100.0,0.10442169323667819,0.0,-0.10442169323667819,declining
Saint Barthélemy,12148694.0,4687.291,-12144006.709,-99.96141732601053,-62.56317231878891,0.12040977685755717,3.533741151842233e-05,-0.12037443944603875,declining
Benin,16015189.0,826106.083,-15189082.917,-94.84173378784352,-30.96601100493657,0.15873190433651588,0.00622800048318804,-0.15250390385332785,declining
Japan,157271618.0,180704662.282,23433044.282000005,14.899728622363384,1.7512786281379311,1.558771702489747,1.3623295447960375,-0.19644215769370943,stable
Antigua and Barbuda,20812433.0,53875.409,-20758557.591,-99.74113834264354,-52.50657762879857,0.20627899701752794,0.00040616584260638267,-0.20587283117492156,declining
Senegal,60558493.0,51269801.645,-9288691.354999997,-15.338379300488864,-2.0598370490015894,0.6002155152611415,0.3865222106323783,-0.21369330462876318,stable
Italy,313863689.0,381491852.6,67628163.60000002,21.54698551319201,2.4691241349259263,3.1108081869688813,2.8760609457043556,-0.23474724126452573,growing
Morocco,89847089.0,85815081.28999999,-4032007.7100000083,-4.487633105174958,-0.5722867970292533,0.8905046038521572,0.6469585186905601,-0.24354608516159715,stable
Congo,69000776.0,51140554.467,-17860221.533,-25.884087931127038,-3.675018965913579,0.6838898108025676,0.38554781823459866,-0.29834199256796895,declining
Curaçao,31595955.0,0.0,-31595955.0,-100.0,-100.0,0.31315809675932393,0.0,-0.31315809675932393,declining
South Africa,150661151.0,156166674.05900002,5505523.059000015,3.6542420009787495,0.4496400892589847,1.493253149104976,1.1773380459387335,-0.3159151031662426,stable
Ireland,61523402.0,36377040.397,-25146361.603,-40.872839904074226,-6.357418526491632,0.6097790516690755,0.2742459229288436,-0.33553312874023195,declining
Dem. Rep. of the Congo,40563918.0,7515103.17,-33048814.83,-81.47342875015178,-19.001983970181215,0.40204258291864525,0.05665624202160483,-0.3453863408970404,declining
Mauritania,78770279.0,51714229.002000004,-27056049.997999996,-34.348043883404294,-5.124089045780322,0.7807186284713009,0.38987274133430266,-0.39084588713699825,declining
Vietnam,127194347.0,78427593.881,-48766753.119,-38.340346304069634,-5.865214973540334,1.2606657917149529,0.5912643698401908,-0.669401421874762,declining
Equatorial Guinea,101902212.0,19722897.319,-82179314.681,-80.6452706649783,-18.558007961482424,1.0099869671761825,0.14869060591652863,-0.8612963612596539,declining
Spain,359416729.0,337829443.181,-21587285.819000006,-6.006199510819099,-0.771277251070146,3.5622996297184786,2.546890742803566,-1.0154088869149125,stable
Thailand,249128774.0,154819939.437,-94308834.563,-37.85545645682822,-5.77299760522113,2.4691987538855447,1.1671850352671704,-1.3020137186183742,declining
China,1678930924.0,1958160886.1339998,279229962.1339998,16.631414559256747,1.9417167077094843,16.640446941711783,14.762543450491059,-1.8779034912207244,stable
Togo,249611786.0,21891648.444999997,-227720137.555,-91.22972164263109,-26.23052848315821,2.4739860476588116,0.1650407858009232,-2.3089452618578883,declining
Portugal,312812477.0,28623996.336999997,-284188480.663,-90.84947102765341,-25.83811241248134,3.1003892726106805,0.21579584836153382,-2.8845934242491467,declining
Nigeria,774099115.0,131145474.994,-642953640.006,-83.0583096592224,-19.902383564743708,7.672355703648679,0.9887036283093887,-6.683652075339291,declining
