partner,total_exports,total_imports,total_bilateral_trade,pct_share_total_trade
China,5203656959.429,10300479264.184,15504136223.612999,16.67454465460485
France,2531021688.29,5146987452.671,7678009140.9609995,8.257622639075576
Netherlands,5807682624.033,1650346571.31,7458029195.343,8.021036390514476
India,3355625487.219,3583750375.981,6939375863.2,7.463229878604023
Italy,3009489370.834,1325994557.8,4335483928.634,4.662769942463955
Spain,2203986299.6879997,1547108455.4320002,3751094755.12,4.034265185482658
Belgium,1452753093.654,2021846295.716,3474599389.37,3.7368971633952404
United States,983847367.822,2086719736.811,3070567104.6330004,3.3023644505383642
Nigeria,378779330.283,2208912706.765,2587692037.048,2.7830371071176745
Germany,510304417.189,1842420803.613,2352725220.802,2.5303326279170113
Thailand,21854611.619999997,1977465436.284,1999320047.9039998,2.150248871449422
Türkiye,425566902.185,1450689640.709,1876256542.894,2.0178952930207084
Togo,104951943.278,1519865451.637,1624817394.915,1.7474749845028947
Russian Federation,130509816.40100001,1458052725.316,1588562541.717,1.7084832496601963
Malaysia,848518256.291,584814351.164,1433332607.455,1.5415349957716018
Japan,39994093.958000004,1267168434.8470001,1307162528.805,1.4058403282208698
United Kingdom,469122455.088,819448899.336,1288571354.424,1.3858457046619386
Chad,1192439568.824,45266131.839,1237705700.6629999,1.3311401988026887
Bangladesh,1157974060.4060001,27280134.126,1185254194.532,1.2747291244565668
Rep. of Korea,152265431.915,945088955.033,1097354386.948,1.1801937536657503
Vietnam,825161574.492,212621187.351,1037782761.8429999,1.1161250620189465
United Arab Emirates,68780334.2,945423555.052,1014203889.2520001,1.090766218530132
South Africa,250255433.926,694886432.165,945141866.091,1.0164906979512052
Portugal,521600670.386,368346924.191,889947594.5769999,0.9571298066532501
Brazil,48074427.507,816932571.29,865006998.7969999,0.9303064433876024
Indonesia,536199587.43799996,328071610.055,864271197.493,0.929515096386808
Morocco,19332835.141000003,727066698.74,746399533.881,0.8027452918608751
Côte d'Ivoire,65210378.731,642577195.097,707787573.828,0.7612185119861603
Canada,189024859.47300002,513945899.804,702970759.2770001,0.7560380757357826
Gabon,412646528.895,258434787.338,671081316.233,0.721741296193959
Mauritania,1515402.2049999998,655046934.656,656562336.8610001,0.7061262779571492
Argentina,18985812.3,596308000.049,615293812.349,0.6617423893689567
Ukraine,231057.749,599128947.633,599360005.382,0.6446057380936377
Equatorial Guinea,160380124.289,395578714.955,555958839.244,0.5979282145997582
Norway,111091717.223,443127052.48399997,554218769.707,0.5960567870801371
Singapore,95123465.475,438363520.866,533486986.34099996,0.5737599597999776
Egypt,13747658.833,518485961.83,532233620.663,0.5724119774509494
Senegal,237022327.089,281774844.302,518797171.391,0.5579612095943003
Congo,297517987.812,220128524.70200002,517646512.514,0.5567236873905459
Central African Rep.,452666799.991,3502570.964,456169370.955,0.490605631706685
Poland,18364239.747,429387819.64,447752059.38699996,0.4815528966437296
Switzerland,2934731.684,359190108.066,362124839.75,0.38946167163809114
"Other Asia, nes",114361984.663,246928963.82999998,361290948.493,0.388564829866232
Ireland,53833651.79,304718970.251,358552622.041,0.3856197869406405
Saudi Arabia,23418006.015,307813282.389,331231288.404,0.3562359637348256
Greece,23699897.189,243064969.39000002,266764866.57900003,0.28690296678873356
Tunisia,16100141.627,249498105.82999998,265598247.457,0.2856482794998617
Algeria,51379383.688,195273532.164,246652915.852,0.26527276336096567
New Zealand,36990023.312,199384026.541,236374049.85300002,0.2542179449804365
Hungary,58639323.640999995,139772502.421,198411826.062,0.2133899500079039
Finland,11321929.651,180230111.51,191552041.16099998,0.20601231941933226
Sweden,3189623.635,184533024.881,187722648.516,0.2018938456302657
Guinea,4103737.361,181546321.704,185650059.065,0.1996647962428688
Pakistan,59456884.00000001,114753212.773,174210096.773,0.187361230321252
Angola,14023246.537,152392967.801,166416214.338,0.17897898710429558
Liberia,6524341.5370000005,158825353.616,165349695.153,0.1778319563043346
Oman,2306452.232,161045618.863,163352071.095,0.1756835314531969
Myanmar,131032.083,126495275.31799999,126626307.401,0.13618533704508806
Mexico,15527336.339000002,104958670.775,120486007.11400001,0.12958150501913307
Saint Barthélemy,217.84,117758834.55700001,117759052.39700001,0.12664869228168762
Uruguay,14731168.896,92201651.53400001,106932820.43,0.11500518723431104
Estonia,3714432.6720000003,102813917.725,106528350.397,0.11457018372754124
Dem. Rep. of the Congo,101953786.549,520138.765,102473925.314,0.11020968978449468
Denmark,11583870.281,89021148.401,100605018.682,0.10819969924770428
Antigua and Barbuda,585472.947,97682221.834,98267694.781,0.10568593058640073
Czechia,1401190.9649999999,92380445.47299999,93781636.438,0.1008612193554977
"China, Hong Kong SAR",1008825.8640000001,92525028.49399999,93533854.35799998,0.10059473218730071
Malta,67765135.70899999,23349638.952,91114774.66099998,0.09799303597869537
Kuwait,51386517.79,39237640.589999996,90624158.38,0.09746538303706609
Austria,2544734.762,85597823.934,88142558.696,0.0947964472028537
Lebanon,14816708.78,64224949.664000005,79041658.444,0.08500851929378668
Lithuania,6033909.866,71274904.22299999,77308814.08899999,0.0831448623857081
Namibia,3701440.989,69710631.488,73412072.477,0.07895395545096441
Romania,9911031.44,60581360.458,70492391.898,0.07581386796143558
Peru,438277.153,66719110.479,67157387.632,0.07222710396796521
Jamaica,19378.0,66165330.022,66184708.022,0.07118099669970818
Chile,115684.58899999999,65499564.486,65615249.075,0.07056854925318395
Qatar,2577870.4189999998,58507435.08,61085305.499,0.06569663988968054
Latvia,302494.636,60077849.155,60380343.791,0.06493846056835018
Ghana,20015641.677,38108575.495,58124217.172,0.06251201877808374
Australia,2337647.989,42255489.21,44593137.199,0.04795947654156825
Israel,1419091.853,42550489.661,43969581.514,0.04728884859014909
Bulgaria,9511319.766,31374006.18,40885325.946,0.04397176233309574
Slovenia,5979453.105,32115410.013,38094863.118,0.04097064725248676
Benin,25569683.973,12488489.033,38058173.006,0.04093118740112176
Philippines,942448.603,32845741.905,33788190.508,0.03633886359730717
Luxembourg,1048277.545,32615338.615000002,33663616.160000004,0.03620488512223542
"Areas, nes",363737.784,32389790.542999998,32753528.327,0.035226094689018064
Curaçao,31487508.0,273578.507,31761086.507,0.034158733360014536
Guatemala,107059.367,29626946.871,29734006.237999998,0.0319786286462524
Jordan,8359019.799000001,20794312.766999997,29153332.566,0.031354119874278975
Mauritius,13181533.211,15360059.486,28541592.696999997,0.030696199715714627
Burkina Faso,26200592.69,1944226.781,28144819.471,0.030269474048494782
Croatia,3216802.974,17981851.661,21198654.634999998,0.022798942697014112
Slovakia,512.87,20079262.887,20079775.757,0.021595599566818276
Colombia,2011697.914,17736844.042,19748541.956,0.021239360900811386
Iran,2226454.171,16651795.041,18878249.211999997,0.020303369690910567
Costa Rica,54165.0,18110925.016,18165090.016,0.019536374052583228
Serbia,263054.739,16844263.365,17107318.104,0.018398750857930947
Faroe Isds,0.0,16850774.894,16850774.894,0.01812284118135925
Sri Lanka,13218696.109,3600241.639,16818937.748,0.01808860064676928
Ethiopia,15552642.743999999,1151378.136,16704020.879999999,0.01796500869560241
Guinea-Bissau,2030522.772,12904853.766,14935376.538,0.016062849256763274
Belarus,0.0,13334892.632000001,13334892.632000001,0.01434154469811729
Trinidad and Tobago,12270.0,13219449.069,13231719.069,0.014230582554944292
Dominican Rep.,10622196.556,1207115.281,11829311.837,0.012722307493589382
Bahrain,6639059.393,4926805.336,11565864.729,0.012438972743228886
Libya,937525.945,10384106.169,11321632.114,0.012176302989416611
Belize,48187.78,11073328.733,11121516.512999998,0.011961080646370144
Cyprus,1905256.187,7815172.893,9720429.08,0.010454225015742828
Sierra Leone,245560.54,8533192.486,8778753.025999999,0.00944146176430282
Mozambique,4479429.951,2838912.993,7318342.944,0.007870805213358938
Albania,2489556.026,4772680.3319999995,7262236.357999999,0.007810463136884558
Kenya,1929184.338,4517146.279,6446330.617000001,0.006932964609005748
Georgia,357359.066,5769823.627,6127182.693,0.006589724183779252
Yemen,1999496.764,4002894.374,6002391.138,0.006455512104734441
United Rep. of Tanzania,2315205.537,3597915.302,5913120.839,0.006359502784025663
Saint Vincent and the Grenadines,102552.40100000001,5772780.550000001,5875332.951,0.0063188622854663465
Mali,4891072.93,514914.899,5405987.829,0.005814086264259135
Bolivia (Plurinational State of),146143.507,4816503.233,4962646.74,0.00533727732249476
Ecuador,94736.68,4845333.682,4940070.362,0.0053129966519903996
Rwanda,1090983.812,3528166.817,4619150.629,0.004967850663766791
Gambia,253196.194,4355503.987,4608700.181,0.004956611310646865
Iraq,1217341.777,3360859.6909999996,4578201.467999999,0.004923810247466579
Panama,738025.615,3553772.358,4291797.973,0.004615786130693211
Sudan,2177061.332,1932882.121,4109943.4529999997,0.0044202033990500605
North Macedonia,8495.13,3829563.474,3838058.604,0.004127793941975223
Nicaragua,3232424.896,59524.401,3291949.2970000003,0.003540458801562947
Paraguay,0.0,3286147.7970000003,3286147.7970000003,0.0035342193458836064
Bosnia Herzegovina,0.0,3265594.937,3265594.937,0.0035121149489080504
Eswatini,33412.917,3229708.31,3263121.227,0.003509454498350687
Sao Tome and Principe,625160.7069999999,2563386.1550000003,3188546.862,0.0034292505088251413
Cambodia,4318.645,3055774.911,3060093.556,0.0032911002529168835
Zambia,1077354.179,1957342.083,3034696.262,0.003263785715247629
Iceland,140587.354,2839313.058,2979900.412,0.003204853322334281
Dem. People's Rep. of Korea,339496.865,2612235.534,2951732.399,0.0031745589038755058
Turks and Caicos Isds,740671.964,1924049.702,2664721.666,0.002865881708659008
Marshall Isds,1037158.3319999999,1495312.15,2532470.482,0.002723646872649648
French Polynesia,37650.0,2265159.0500000003,2302809.0500000003,0.0024766482815580587
Uganda,1683666.523,605180.299,2288846.822,0.002461632043896963
Niger,2093530.9170000001,97459.368,2190990.285,0.0023563883094239405
Venezuela,463790.905,1716883.236,2180674.141,0.0023452933989232603
Haiti,1028121.64,971380.729,1999502.369,0.0021504449559789232
Madagascar,713720.938,1208045.747,1921766.685,0.00206684099923994
Seychelles,292981.474,1587047.0559999999,1880028.5299999998,0.0020219520277222386
Cabo Verde,1498372.118,143219.441,1641591.559,0.0017655154315194147
Vanuatu,347116.062,983990.0939999999,1331106.156,0.0014315914616666772
Turkmenistan,3774.0,1243051.5180000002,1246825.5180000002,0.0013409484718489516
Fr. South Antarctic Terr.,4417.37,1237279.309,1241696.679,0.0013354324564000205
United States Minor Outlying Islands,0.0,1115054.808,1115054.808,0.001199230380858652
Montenegro,952365.648,120901.68699999999,1073267.335,0.0011542883683213537
Norfolk Isds,0.0,992802.764,992802.764,0.001067749520693733
"Other Europe, nes",0.0,950811.16,950811.16,0.0010225879672916102
Cuba,449501.20200000005,456489.876,905991.078,0.0009743844138686326
Dominica,570598.1270000001,156129.867,726727.9940000001,0.0007815887459276032
Suriname,33839.131,689760.558,723599.689,0.0007782242849435542
Djibouti,539992.065,132628.652,672620.717,0.0007233969064427634
Azerbaijan,437539.297,191433.272,628972.569,0.000676453756407205
Comoros,501638.329,95659.06,597297.389,0.0006423874146429835
Burundi,412395.57,92194.68000000001,504590.25,0.0005426818066193768
Rep. of Moldova,54435.226,379875.004,434310.23000000004,0.00046709634252678706
Zimbabwe,309485.11199999996,122230.399,431715.51099999994,0.0004643057479907459
New Caledonia,2908.78,424998.89300000004,427907.67300000007,0.0004602104560084813
Armenia,65038.697,348378.01,413416.707,0.0004446255658752693
Kazakhstan,1705.719,409960.846,411666.565,0.0004427433055216449
Bahamas,0.0,364675.525,364675.525,0.00039220490831297225
San Marino,63410.42999999999,259581.84699999998,322992.277,0.0003473749887289067
Antarctica,0.0,300776.07800000004,300776.07800000004,0.0003234816871648444
Afghanistan,196622.39,100519.885,297142.275,0.0003195735680980592
Botswana,3033.843,289667.56,292701.403,0.00031479745433065005
South Georgia and the South Sandwich Islands,0.0,279358.779,279358.779,0.0003004475946229703
American Samoa,0.0,256883.52800000002,256883.52800000002,0.0002762756852035871
Eritrea,89147.619,156465.13999999998,245612.759,0.0002641540849885419
Honduras,20645.03,214358.558,235003.588,0.000252744026857189
Mongolia,0.0,218375.751,218375.751,0.00023486095316852275
Saint Helena,76.79,165976.59800000003,166053.38800000004,0.00017858877097825092
Anguilla,0.0,161787.378,161787.378,0.00017400071955661457
Greenland,0.0,155967.565,155967.565,0.0001677415684275015
Gibraltar,0.0,153806.246,153806.246,0.00016541709129065478
Syria,11330.696,135397.054,146727.75,0.0001578042390854684
Barbados,34699.0,108452.682,143151.682,0.00015395821343825518
Guyana,39567.606,98170.97099999999,137738.577,0.0001481364727272121
Andorra,16784.108,120946.68000000001,137730.788,0.00014812809573500556
"China, Macao SAR",0.0,135898.999,135898.999,0.00014615802484309773
Grenada,0.0,134869.142,134869.142,0.00014505042385929033
El Salvador,0.0,129372.306,129372.306,0.00013913863128864432
Cook Isds,0.0,127431.6,127431.6,0.00013705142124406444
Tokelau,0.0,119516.11600000001,119516.11600000001,0.00012853839675065268
Fiji,0.0,115968.651,115968.651,0.00012472313334610014
Heard Island and McDonald Islands,115896.604,0.0,115896.604,0.000124645647512552
Bermuda,0.0,114318.677,114318.677,0.0001229486026824676
Cocos Isds,0.0,109841.295,109841.295,0.00011813322277236219
Guam,0.0,97593.753,97593.753,0.00010496111288873543
Western Sahara,0.0,88805.853,88805.853,9.550981364466478e-05
Br. Virgin Isds,0.0,79717.572,79717.572,8.573545761589776e-05
Malawi,0.0,76660.198,76660.198,8.24472822184716e-05
Kyrgyzstan,30490.0,43908.038,74398.038,8.001435158681139e-05
Brunei Darussalam,14966.692,57555.026,72521.718,7.799638804630287e-05
Lao People's Dem. Rep.,0.0,61556.743,61556.743,6.620366624373873e-05
Somalia,15353.06,40783.326,56136.386,6.0374126078660256e-05
Lesotho,0.0,55821.997,55821.997,6.0036003828971e-05
Naoero,0.0,45576.611,45576.611,4.90171928551306e-05
Timor-Leste,0.0,39922.054,39922.054,4.293577291411461e-05
Pitcairn,0.0,39062.912000000004,39062.912000000004,4.20117742187324e-05
Papua New Guinea,28215.978,8952.915,37168.893,3.997477557935832e-05
Niue,0.0,31485.808,31485.808,3.386267405743736e-05
Saint Lucia,83.108,26432.279,26515.387,2.8517035595459758e-05
Maldives,0.0,23614.190000000002,23614.190000000002,2.5396827011725305e-05
Solomon Isds,0.0,23343.688,23343.688,2.5105904795027388e-05
Cayman Isds,0.0,20938.573,20938.573,2.2519227479468157e-05
Nepal,5013.357,15662.755,20676.112,2.2236953278476107e-05
Aruba,8672.73,11374.419,20047.148999999998,2.156050981343344e-05
Palau,0.0,18523.788,18523.788,1.992215017486829e-05
Holy See (Vatican City State),0.0,16369.955,16369.955,1.76057241567349e-05
Tajikistan,13191.23,276.399,13467.628999999999,1.4484301344703968e-05
Saint Pierre and Miquelon,0.0,11800.0,11800.0,1.2690782903769241e-05
Uzbekistan,0.0,10490.553,10490.553,1.128248564944789e-05
FS Micronesia,0.0,8660.183,8660.183,9.31394087795873e-06
Kiribati,0.0,8618.9,8618.9,9.269541421126838e-06
Falkland Isds (Malvinas),0.0,8618.9,8618.9,9.269541421126838e-06
Bouvet Island,0.0,5992.79,5992.79,6.445186176091463e-06
"Oceania, nes",0.0,3851.572,3851.572,4.142327465274263e-06
Samoa,0.0,2199.0,2199.0,2.3650026784227592e-06
Montserrat,0.0,1621.888,1621.888,1.744324449341397e-06
Saint Kitts and Nevis,0.0,911.551,911.551,9.803640548062504e-07
Br. Indian Ocean Terr.,0.0,570.17,570.17,6.132121769696701e-07
N. Mariana Isds,0.0,461.633,461.633,4.964817105267547e-07
State of Palestine,0.0,331.98,331.98,3.5704119562655193e-07
Bhutan,0.0,291.92,291.92,3.139570631583319e-07
South Sudan,0.0,152.038,152.038,1.6351536026468374e-07
Bonaire,0.0,71.15,71.15,7.652111894942216e-08
